[
  {
    "name": "Smart Doorbell Pro Max",
    "price": 8500.0,
    "gst_rate": 18.0,
    "Installation Charge": 300.0,
    "Service Charge": 100.0,
    "Shipping Charge": 120.0,
    "Handling Fee": 50.0,
    "price_tax_amount": 1530,
    "price_discount_amount": 425,
    "installation_charge": 300,
    "service_charge": 100,
    "shipping_charge": 120,
    "handling_fee": 50,
    "price_final_price": 9675,
    "name_description": 0.0
  },
  {
    "name": "WiFi Smart Lock Biometric",
    "price": 12000.0,
    "gst_rate": 18.0,
    "Installation Charge": 500.0,
    "Service Charge": 150.0,
    "Shipping Charge": 0.0,
    "Handling Fee": 80.0,
    "price_tax_amount": 2160,
    "price_discount_amount": 1200,
    "installation_charge": 500,
    "service_charge": 150,
    "shipping_charge": 0,
    "handling_fee": 80,
    "price_final_price": 13590,
    "name_description": 0.0
  },
  {
    "name": "AI Security Camera 4K",
    "price": 15000.0,
    "gst_rate": 18.0,
    "Installation Charge": 400.0,
    "Service Charge": 200.0,
    "Shipping Charge": 150.0,
    "Handling Fee": 75.0,
    "price_tax_amount": 2700,
    "price_discount_amount": 0,
    "installation_charge": 400,
    "service_charge": 200,
    "shipping_charge": 150,
    "handling_fee": 75,
    "price_final_price": 18525,
    "name_description": 0.0
  },
  {
    "name": "Solar Security Camera",
    "price": 18000.0,
    "gst_rate": 18.0,
    "Installation Charge": 200.0,
    "Service Charge": 100.0,
    "Shipping Charge": 100.0,
    "Handling Fee": 60.0,
    "price_tax_amount": 3240,
    "price_discount_amount": 1440,
    "installation_charge": 200,
    "service_charge": 100,
    "shipping_charge": 100,
    "handling_fee": 60,
    "price_final_price": 19860,
    "name_description": 0.0
  },
  {
    "name": "Mesh Router System Tri-Band",
    "price": 9500.0,
    "gst_rate": 18.0,
    "Installation Charge": 250.0,
    "Service Charge": 120.0,
    "Shipping Charge": 80.0,
    "Handling Fee": 45.0,
    "price_tax_amount": 1710,
    "price_discount_amount": 1140,
    "installation_charge": 250,
    "service_charge": 120,
    "shipping_charge": 80,
    "handling_fee": 45,
    "price_final_price": 10365,
    "name_description": 0.0
  },
  {
    "name": "Enterprise Switch 48-Port PoE",
    "price": 28000.0,
    "gst_rate": 18.0,
    "Installation Charge": 800.0,
    "Service Charge": 400.0,
    "Shipping Charge": 200.0,
    "Handling Fee": 120.0,
    "price_tax_amount": 5040,
    "price_discount_amount": 4200,
    "installation_charge": 800,
    "service_charge": 400,
    "shipping_charge": 200,
    "handling_fee": 120,
    "price_final_price": 29460,
    "name_description": 0.0
  },
  {
    "name": "Smart Thermostat Pro",
    "price": 6500.0,
    "gst_rate": 18.0,
    "Installation Charge": 150.0,
    "Service Charge": 80.0,
    "Shipping Charge": 90.0,
    "Handling Fee": 35.0,
    "price_tax_amount": 1170,
    "price_discount_amount": 0,
    "installation_charge": 150,
    "service_charge": 80,
    "shipping_charge": 90,
    "handling_fee": 35,
    "price_final_price": 8025,
    "name_description": 0.0
  },
  {
    "name": "UPS System 2000VA",
    "price": 15500.0,
    "gst_rate": 18.0,
    "Installation Charge": 300.0,
    "Service Charge": 150.0,
    "Shipping Charge": 180.0,
    "Handling Fee": 70.0,
    "price_tax_amount": 2790,
    "price_discount_amount": 775,
    "installation_charge": 300,
    "service_charge": 150,
    "shipping_charge": 180,
    "handling_fee": 70,
    "price_final_price": 17620,
    "name_description": 0.0
  },
  {
    "name": "Smart Smoke Detector",
    "price": 2200.0,
    "gst_rate": 18.0,
    "Installation Charge": 100.0,
    "Service Charge": 50.0,
    "Shipping Charge": 60.0,
    "Handling Fee": 25.0,
    "price_tax_amount": 396,
    "price_discount_amount": 0,
    "installation_charge": 100,
    "service_charge": 50,
    "shipping_charge": 60,
    "handling_fee": 25,
    "price_final_price": 2831,
    "name_description": 0.0
  },
  {
    "name": "360\u00b0 Security Camera",
    "price": 22000.0,
    "gst_rate": 18.0,
    "Installation Charge": 600.0,
    "Service Charge": 300.0,
    "Shipping Charge": 200.0,
    "Handling Fee": 100.0,
    "price_tax_amount": 3960,
    "price_discount_amount": 2200,
    "installation_charge": 600,
    "service_charge": 300,
    "shipping_charge": 200,
    "handling_fee": 100,
    "price_final_price": 24860,
    "name_description": 0.0
  },
  {
    "name": "Fiber Optic Transceiver",
    "price": 4500.0,
    "gst_rate": 18.0,
    "Installation Charge": 0.0,
    "Service Charge": 100.0,
    "Shipping Charge": 70.0,
    "Handling Fee": 30.0,
    "price_tax_amount": 810,
    "price_discount_amount": 0,
    "installation_charge": 0,
    "service_charge": 100,
    "shipping_charge": 70,
    "handling_fee": 30,
    "price_final_price": 5510,
    "name_description": 0.0
  },
  {
    "name": "Smart Water Leak Detector",
    "price": 1800.0,
    "gst_rate": 18.0,
    "Installation Charge": 80.0,
    "Service Charge": 40.0,
    "Shipping Charge": 50.0,
    "Handling Fee": 20.0,
    "price_tax_amount": 324,
    "price_discount_amount": 0,
    "installation_charge": 80,
    "service_charge": 40,
    "shipping_charge": 50,
    "handling_fee": 20,
    "price_final_price": 2314,
    "name_description": 0.0
  },
  {
    "name": "Professional Cable Tester",
    "price": 3200.0,
    "gst_rate": 18.0,
    "Installation Charge": 50.0,
    "Service Charge": 60.0,
    "Shipping Charge": 80.0,
    "Handling Fee": 35.0,
    "price_tax_amount": 576,
    "price_discount_amount": 0,
    "installation_charge": 50,
    "service_charge": 60,
    "shipping_charge": 80,
    "handling_fee": 35,
    "price_final_price": 4001,
    "name_description": 0.0
  },
  {
    "name": "Thermal Imaging Camera",
    "price": 45000.0,
    "gst_rate": 18.0,
    "Installation Charge": 1200.0,
    "Service Charge": 800.0,
    "Shipping Charge": 400.0,
    "Handling Fee": 200.0,
    "price_tax_amount": 8100,
    "price_discount_amount": 5400,
    "installation_charge": 1200,
    "service_charge": 800,
    "shipping_charge": 400,
    "handling_fee": 200,
    "price_final_price": 48700,
    "name_description": 0.0
  },
  {
    "name": "Smart Garage Door Opener",
    "price": 8900.0,
    "gst_rate": 18.0,
    "Installation Charge": 400.0,
    "Service Charge": 120.0,
    "Shipping Charge": 100.0,
    "Handling Fee": 50.0,
    "price_tax_amount": 1602,
    "price_discount_amount": 712,
    "installation_charge": 400,
    "service_charge": 120,
    "shipping_charge": 100,
    "handling_fee": 50,
    "price_final_price": 10550,
    "name_description": 0.0
  },
  {
    "name": "Industrial Ethernet Switch",
    "price": 18500.0,
    "gst_rate": 18.0,
    "Installation Charge": 500.0,
    "Service Charge": 200.0,
    "Shipping Charge": 150.0,
    "Handling Fee": 80.0,
    "price_tax_amount": 3330,
    "price_discount_amount": 0,
    "installation_charge": 500,
    "service_charge": 200,
    "shipping_charge": 150,
    "handling_fee": 80,
    "price_final_price": 22760,
    "name_description": 0.0
  },
  {
    "name": "Server Rack 42U",
    "price": 25000.0,
    "gst_rate": 18.0,
    "Installation Charge": 2000.0,
    "Service Charge": 500.0,
    "Shipping Charge": 500.0,
    "Handling Fee": 150.0,
    "price_tax_amount": 4500,
    "price_discount_amount": 3750,
    "installation_charge": 2000,
    "service_charge": 500,
    "shipping_charge": 500,
    "handling_fee": 150,
    "price_final_price": 27900,
    "name_description": 0.0
  },
  {
    "name": "Smart Irrigation Controller",
    "price": 4200.0,
    "gst_rate": 18.0,
    "Installation Charge": 200.0,
    "Service Charge": 100.0,
    "Shipping Charge": 80.0,
    "Handling Fee": 40.0,
    "price_tax_amount": 756,
    "price_discount_amount": 0,
    "installation_charge": 200,
    "service_charge": 100,
    "shipping_charge": 80,
    "handling_fee": 40,
    "price_final_price": 5376,
    "name_description": 0.0
  },
  {
    "name": "License Plate Recognition",
    "price": 32000.0,
    "gst_rate": 18.0,
    "Installation Charge": 800.0,
    "Service Charge": 400.0,
    "Shipping Charge": 250.0,
    "Handling Fee": 150.0,
    "price_tax_amount": 5760,
    "price_discount_amount": 3200,
    "installation_charge": 800,
    "service_charge": 400,
    "shipping_charge": 250,
    "handling_fee": 150,
    "price_final_price": 35760,
    "name_description": 0.0
  },
  {
    "name": "Structured Cabling Kit",
    "price": 6800.0,
    "gst_rate": 18.0,
    "Installation Charge": 1000.0,
    "Service Charge": 200.0,
    "Shipping Charge": 120.0,
    "Handling Fee": 60.0,
    "price_tax_amount": 1224,
    "price_discount_amount": 340,
    "installation_charge": 1000,
    "service_charge": 200,
    "shipping_charge": 120,
    "handling_fee": 60,
    "price_final_price": 8864,
    "name_description": 0.0
  },
  {
    "name": "Smart Door Lock Keypad",
    "price": 5500.0,
    "gst_rate": 18.0,
    "Installation Charge": 250.0,
    "Service Charge": 100.0,
    "Shipping Charge": 80.0,
    "Handling Fee": 40.0,
    "price_tax_amount": 990,
    "price_discount_amount": 0,
    "installation_charge": 250,
    "service_charge": 100,
    "shipping_charge": 80,
    "handling_fee": 40,
    "price_final_price": 6960,
    "name_description": 0.0
  },
  {
    "name": "Environmental Sensor Hub",
    "price": 3800.0,
    "gst_rate": 18.0,
    "Installation Charge": 100.0,
    "Service Charge": 80.0,
    "Shipping Charge": 60.0,
    "Handling Fee": 30.0,
    "price_tax_amount": 684,
    "price_discount_amount": 0,
    "installation_charge": 100,
    "service_charge": 80,
    "shipping_charge": 60,
    "handling_fee": 30,
    "price_final_price": 4754,
    "name_description": 0.0
  },
  {
    "name": "Covert Security Camera",
    "price": 12500.0,
    "gst_rate": 18.0,
    "Installation Charge": 150.0,
    "Service Charge": 100.0,
    "Shipping Charge": 90.0,
    "Handling Fee": 45.0,
    "price_tax_amount": 2250,
    "price_discount_amount": 0,
    "installation_charge": 150,
    "service_charge": 100,
    "shipping_charge": 90,
    "handling_fee": 45,
    "price_final_price": 15135,
    "name_description": 0.0
  },
  {
    "name": "5G Industrial Gateway",
    "price": 22000.0,
    "gst_rate": 18.0,
    "Installation Charge": 400.0,
    "Service Charge": 200.0,
    "Shipping Charge": 150.0,
    "Handling Fee": 80.0,
    "price_tax_amount": 3960,
    "price_discount_amount": 0,
    "installation_charge": 400,
    "service_charge": 200,
    "shipping_charge": 150,
    "handling_fee": 80,
    "price_final_price": 26790,
    "name_description": 0.0
  },
  {
    "name": "Backup Battery System",
    "price": 8900.0,
    "gst_rate": 18.0,
    "Installation Charge": 200.0,
    "Service Charge": 100.0,
    "Shipping Charge": 120.0,
    "Handling Fee": 50.0,
    "price_tax_amount": 1602,
    "price_discount_amount": 712,
    "installation_charge": 200,
    "service_charge": 100,
    "shipping_charge": 120,
    "handling_fee": 50,
    "price_final_price": 10060,
    "name_description": 0.0
  },
  {
    "name": "Smart Television",
    "price": 10000.0,
    "gst_rate": 18.0,
    "Installation Charge": 0.0,
    "Service Charge": 0.0,
    "Shipping Charge": 100.0,
    "Handling Fee": 50.0
  },
  {
    "name": "CCTV",
    "price": 600.0,
    "gst_rate": 18.0,
    "Installation Charge": 99.0,
    "Service Charge": 0.0,
    "Shipping Charge": 199.0,
    "Handling Fee": 0.0
  }
]